"410","1442749859_TMYk7cId3x8Z3MG.png",,
"411","1442749859_OM8sdiE0Kin4xCO.jpg",,
"412","1442749859_mpfz1agoCeVW750.jpg",,
"413","1442749859_Hl2ZP0fhvK5OpDv.jpg",,
"414","1442749859_mxVwrK6wM8cTYeI.jpg",,
"415","1442749859_0Pyl8QWMQanHseG.jpg",,
"416","1442749859_d6Z8YoCtYc3DboE.jpg",,
"417","1442749859_nyNpuBPeePULb6q.jpg",,
"418","1442749859_Hj5xrySybwFvLBO.jpg",,
"419","1442749859_NSN5H6TNWMNoxMV.jpg",,
"420","1442749859_hylyKfaIQrqKcE4.jpg",,
"421","1442751338_pQBoK2OxEP9sdLc.jpg",,
"422","1442751338_5eS9gjM8YKpwzW2.jpg",,
"423","1442751338_mPM1DM62MS40uA0.jpg",,
"424","1442751338_x76ZeETZWvP8gHT.jpg",,
"425","1442751338_W0XbcP7hGYIaBgF.jpg",,
"426","1442751338_KtZAIj5zW4V5yxL.jpg",,
"427","1442751338_BnoGBUT34i7kBu3.jpg",,
"428","1442751338_kcrFu8ePdKmBYjh.jpg",,
"429","1442751338_YjZaggyuQBIHbcM.jpg",,
"430","1442751338_fqL6PE8heDPizwM.jpg",,
"431","1442751338_4sBVCHSoD5I6VOQ.jpg",,
"432","1442773903_exZ262Dy9MHNdfG.jpg",,
"433","1442773903_p8TfjIW93N6Q0Dx.jpg",,
"434","1442773903_T717eqDkywvWpBG.jpg",,
"435","1442773903_LePZFglf8d22ltU.jpg",,
"436","1442773903_IXDqZHkQ9EMbub3.jpg",,
"437","1442773903_7SeNzdvJsCrTX2Q.jpg",,
"438","1442773903_ts4WfpnPmkj0RaX.jpg",,
"439","1442773903_mf9LAFkOoD0Jtj0.jpg",,
"440","1442773903_oFKD4aVWDVfB892.jpg",,
"441","1442773903_e3IVIEDLb9lt9nJ.jpg",,
"442","1442773903_AOL4ZYgIw6EH3ex.jpg",,
"443","1442821382_Dkt3ojJNwAVekSQ.jpg",,
"444","1442821382_hRBfySc3boZXYCH.jpg",,
"445","1442821382_dwbkNDiFKqY4RkB.jpg",,
"446","1442821382_HGSLbtJ3qixpztA.jpg",,
"447","1442821382_6PgcDncbJ7zalWK.jpg",,
"448","1442821382_5p3NFWsvXoTMrww.jpg",,
"449","1442821382_m04JExgivYpMuKK.jpg",,
"450","1442821382_uj96KOsgX03rZ8K.jpg",,
"451","1442821382_inNVTO93xgBlh44.jpg",,
"452","1442821382_JSkbO3IUFrrjxSo.jpg",,
"453","1442821382_NJ89XzXclBm3v2g.jpg",,
"454","1442824215_jIPgdkF4DRr7N91.jpg",,
"455","1442824215_wrKvhClSrUEkxz1.jpg",,
"456","1442824215_xpP9uevId8IOgVK.jpg",,
"457","1442824215_UXnxT2DtPL9xJq4.jpg",,
"458","1442824215_70b7u3t2TLDUdhh.jpg",,
"459","1442824215_OQIUTqk15AP86V2.jpg",,
"460","1442824215_aiqUwUxZRtHNequ.jpg",,
"461","1442824215_Ce9qblyFMyyARBG.jpg",,
"462","1442824215_uYX7J2k1g7FS3tH.jpg",,
"463","1442824215_jgdk0MjmIc3LR4O.jpg",,
"464","1442824215_zGF2Jo4iStuAAXg.jpg",,
"465","1442906974_AuI1Jpl8KD4IQrw.jpg",,
"466","1442906974_cdydgkc8Ah8iDCW.jpg",,
"467","1442906974_krOSQYDLCSgOBUT.jpg",,
"468","1442906974_8HSBLb0xPd51r6w.jpg",,
"469","1442906974_uaOqoQF4imLN0p6.jpg",,
"470","1442906974_5h5zvvBOwProsI4.jpg",,
"471","1442906974_dKo1tDTvcEwneQB.jpg",,
"472","1442906974_GhWlqpbabZ36RKe.jpg",,
"473","1442906974_V2FTlocLekYsJwd.jpg",,
"474","1442906974_IboRoLB0RSL1SiC.jpg",,
"475","1442906974_EMlFz4wNpx6dgIn.jpg",,
"476","1442940327_frGQjwhXudNmtsd.jpg",,
"477","1442940328_MHDdeTUXwT3QTnW.jpg",,
"478","1442940328_tggBXu43VLiuyBZ.jpg",,
"479","1442940328_cDJjLZ0byWlpvqE.jpg",,
"480","1442940328_jitffsmJHpb7NFk.jpg",,
"481","1442940328_kauCZwXz9mh75Pl.jpg",,
"482","1442940328_5rwSkxRFDV7tkvZ.jpg",,
"483","1442940328_eaphWomb3P2ofr3.jpg",,
"484","1442940328_Wg9rfjrfQuq8jFS.jpg",,
"485","1442940328_V6wEyEd4toXrEal.jpg",,
"486","1442940328_WIPWeYa9ZmJvJHD.jpg",,
"487","1442993942_Q14zd9q52ZEDkq1.jpg",,
"488","1442993942_nRNtz7sov5tBS2y.jpg",,
"489","1442993942_wnJUephixbcWkGc.jpg",,
"490","1442993942_gs1Zc3mAx3Md335.jpg",,
"491","1442993942_TJYq0Kewb2KKtlZ.jpg",,
"492","1442993942_GtOSnQtlAl6un2W.jpg",,
"493","1442993942_d4fbufFsmc563r0.jpg",,
"494","1442993942_34JH1pjdg9XLSRh.jpg",,
"495","1442996050_6NT3iA40jCsntbP.jpg",,
"496","1442996050_mkJTGv0Z5CMkiyI.jpg",,
"497","1442996050_ONKnfiHoAz1bA5U.jpg",,
"498","1442996050_SNkbvEAcCP3Pq3X.jpg",,
"499","1442996050_aEpsKlLL7uEINZ9.jpg",,
"500","1442996050_3A6yLSUuH6nODM4.jpg",,
"501","1442996050_x3qoyOaGQN1SZYz.jpg",,
"502","1442996050_sVNFHOtI55s7MR0.jpg",,
"503","1442996050_IUC4lqP1BtQ0TED.jpg",,
"504","1442996050_R32CaPfJ01w7cDo.jpg",,
"505","1443003563_vqiDfGKmBiwExWL.jpg",,
"506","1443003563_AWMfNZNujxHibBO.jpg",,
"507","1443003563_IpJGKv358ZX4ib0.jpg",,
"508","1443003563_xAEOxjCMvAxKAnB.jpg",,
"509","1443003563_6AZFyc3tdE5OVVi.jpg",,
"510","1443003563_SiJzRBExARBJ8SZ.jpg",,
"511","1443003563_ZweX3gQ7iIS9HI6.jpg",,
"512","1443003563_UksXs0PldkAhRQc.jpg",,
"513","1443003563_hKxpLaGRSzNVvtY.jpg",,
"514","1443003563_eScarjc7vpb0FBe.jpg",,
"515","1443003563_iYmGlNncEo4VMaP.jpg",,
"516","1443003632_QixsL5q8icv47JY.jpg",,
"517","1443003632_XGlBAhm2isGLlpO.jpg",,
"518","1443003632_6ldVd1b4GLObf92.jpg",,
"519","1443003632_7DpBhRM0TFsTxcb.jpg",,
"520","1443003632_1Kv0aFIBTIs5l5g.jpg",,
"521","1443003632_ujmBiEMKtHtWzlh.jpg",,
"522","1443003632_zsIfoYEL5qBU6I8.jpg",,
"523","1443003632_XPmiYdzxrYTc4Km.jpg",,
"524","1443003632_mOfPQXPaRE2iHEq.jpg",,
"525","1443003632_ynbYoJ4tUld1hc5.jpg",,
"526","1443003632_LZnQPtSPGWJN2Z9.jpg",,
"527","1443091462_55m8SNSZlWZfURh.jpg",,
"528","1443091462_4nBCuXVzQqbcDxn.jpg",,
"529","1443091462_irY3akbr0Oyc8mH.jpg",,
"530","1443091462_GDLatCQPHDx3z34.jpg",,
"531","1443091462_A6u5dwCLsxBev5l.jpg",,
"532","1443091462_M7VwzQABba4LOuZ.jpg",,
"533","1443091462_3iUOtUUCCYdbH9P.jpg",,
"534","1443091462_IAihUtzLUsAnO5D.jpg",,
"535","1443091462_mwlCZgqXmR4VszN.jpg",,
"536","1443091462_Ye4GMldmCPq8l1k.jpg",,
"537","1443091462_XKyUQOxl9RlkDO5.jpg",,
"538","1443092160_7eka8mRxgHzFK7i.jpg",,
"539","1443092160_2jQ5Ky5dqD7lF6o.jpg",,
"540","1443092160_RzapdJ16g5YCkj3.jpg",,
"541","1443092160_Dx267a4SO8U7snw.jpg",,
"542","1443092160_aPd8X8jNDGdq6D8.jpg",,
"543","1443092160_nrTHh2NbugdFLVC.jpg",,
"544","1443092160_j5FbeaNv2IB4zPv.jpg",,
"545","1443092160_NQH2eooT19lL77l.jpg",,
"546","1443092160_7l9RxXPwslh2p3T.jpg",,
"547","1443092160_iUZxpgnZOVLwMVK.jpg",,
"548","1443092160_wdzDSWP03Q8eMmc.jpg",,
"549","1443119554_3eaAX381zSduQQI.jpg",,
"550","1443119554_XHrUtxT9gOJK8oL.jpg",,
"551","1443119554_81wQMpDpgKymQ9E.jpg",,
"552","1443119554_zIUC6jiZEdMw9Io.jpg",,
"553","1443119554_pohNtMyWoujNjHa.jpg",,
"554","1443119554_josMzSJZLi59ITH.jpg",,
"555","1443119554_hzWxnPdvf1e6z7N.jpg",,
"556","1443119554_yVliYCFRD7Ypezr.jpg",,
"557","1443119554_KYN2ozy3osMd5CA.jpg",,
"558","1443119554_LalKyz0BzDo73cJ.jpg",,
"559","1443119554_xoSxQdRsYS4sHCm.jpg",,
"560","1443120300_e6ujdjvSIb5MfOf.jpg",,
"561","1443120300_pDhZNJgeMCneaVQ.jpg",,
"562","1443120300_NfNnBALu1BQnqFd.jpg",,
"563","1443120300_Y9xPd59eH6AZvdR.jpg",,
"564","1443120300_aYyw4UNQUX2EuGo.jpg",,
"565","1443120300_5sJbbb5blNLH5uK.jpg",,
"566","1443120300_T9rOjVlrtPZ29W7.jpg",,
"567","1443120300_ssKLC8xW0weLJeu.jpg",,
"568","1443120300_AJ889yPaPSpoN7y.jpg",,
"569","1443120300_QdNiHu2TBrSQ5Ox.jpg",,
"570","1443120300_deRbjkC4lCi1Kb8.jpg",,
"578","smoke-bar-ugli.jpg",,
"579","smoke-bar-ugli-1.jpg",,
"580","smoke-bar-ugli-2.jpg",,
"581","smoke-bar-ugli-3.jpg",,
"582","smoke-bar-ugli-4.jpg",,
"583","smoke-bar-ugli-5.jpg",,
"584","smoke-bar-ugli-6.jpg",,
"585","smoke-bar-ugli-7.jpg",,
"586","smoke-bar-ugli-8.jpg",,
"587","smoke-bar-ugli-9.jpg",,
"588","smoke-bar-ugli-10.jpg",,
"589","myatalounge.jpg",,
"590","myatalounge-1.jpg",,
"591","myatalounge-2.jpg",,
"592","myatalounge-3.jpg",,
"593","myatalounge-4.jpg",,
"594","myatalounge-5.jpg",,
"595","myatalounge-6.jpg",,
"596","myatalounge-7.jpg",,
"597","myatalounge-8.jpg",,
"598","myatalounge-9.jpg",,
"599","myatalounge-10.jpg",,
"600","meduza.jpg",,
"601","meduza-1.jpg",,
"602","meduza-2.jpg",,
"603","meduza-3.jpg",,
"604","meduza-4.jpg",,
"605","meduza-5.jpg",,
"606","meduza-6.jpg",,
"607","meduza-7.jpg",,
"608","meduza-8.jpg",,
"609","meduza-9.jpg",,
"610","meduza-10.jpg",,
"611","nashe-mesto.jpg",,
"612","nashe-mesto-1.jpg",,
"613","nashe-mesto-2.jpg",,
"614","nashe-mesto-3.jpg",,
"615","nashe-mesto-4.jpg",,
"616","nashe-mesto-5.jpg",,
"617","nashe-mesto-6.jpg",,
"618","nashe-mesto-7.jpg",,
"619","dymroom.jpg",,
"620","11371120_440449186148876_777033333_n.jpg",,
"621","11906305_1228189953880015_496413032_n.jpg",,
"622","11930955_524273281075436_322041197_n.jpg",,
"623","11939614_1670821713162166_194633684_n.jpg",,
"624","11939614_1670821713162166_194633684_n(1).jpg",,
"625","11950571_161501507536271_1975171281_n.jpg",,
"626","11950684_980309975345285_32747781_n.jpg",,
"627","12106281_857916307663073_1149503466_n.jpg",,
"628","12107658_1522016858108619_927448678_n.jpg",,
"629","12135194_578371662310552_1338050299_n.jpg",,
"630","12224275_774921949298013_1152659750_n.jpg",,
"631","amsterdam.jpg",,
"632","amsterdam-1.jpg",,
"633","amsterdam-2.jpg",,
"634","amsterdam-3.jpg",,
"635","amsterdam-4.jpg",,
"636","amsterdam-5.jpg",,
"637","amsterdam-6.jpg",,
"638","amsterdam-7.jpg",,
"639","amsterdam-8.jpg",,
"640","amsterdam-9.jpg",,
"641","amsterdam-10.jpg",,
"642","kislorod-o2.jpg",,
"643","kislorod-o2-1.jpg",,
"644","kislorod-o2-2.jpg",,
"645","kislorod-o2-3.jpg",,
"646","kislorod-o2-4.jpg",,
"647","kislorod-o2-5.jpg",,
"648","kislorod-o2-6.jpg",,
"649","kislorod-o2-7.jpg",,
"650","kislorod-o2-8.jpg",,
"651","malina-klub.jpg",,
"652","malina-klub-1.jpg",,
"653","malina-klub-2.jpg",,
"654","malina-klub-3.jpg",,
"655","malina-klub-4.jpg",,
"656","malina-klub-5.jpg",,
"657","malina-klub-6.jpg",,
"658","continent.jpg",,
"659","continent-1.jpg",,
"660","continent-2.jpg",,
"661","continent-3.jpg",,
"662","continent-4.jpg",,
"663","continent-5.jpg",,
"664","continent-6.jpg",,
"665","continent-7.jpg",,
"666","continent-8.jpg",,
"667","continent-9.jpg",,
"668","unity-hall.jpg",,
"669","unity-hall-1.jpg",,
"670","unity-hall-2.jpg",,
"671","unity-hall-3.jpg",,
"672","unity-hall-4.jpg",,
"673","unity-hall-5.jpg",,
"674","unity-hall-6.jpg",,
"675","unity-hall-7.jpg",,
"676","unity-hall-8.jpg",,
"677","gr8peoplekazan.jpg",,
"678","gr8peoplekazan-1.jpg",,
"679","gr8peoplekazan-2.jpg",,
"680","gr8peoplekazan-3.jpg",,
"681","gr8peoplekazan-4.jpg",,
"682","gr8peoplekazan-5.jpg",,
"683","gr8peoplekazan-6.jpg",,
"684","gr8peoplekazan-7.jpg",,
"685","gr8peoplekazan-8.jpg",,
"686","gr8peoplekazan-9.jpg",,
"687","mint.jpg",,
"688","10706750_1627916860781685_1691979024_n.jpg",,
"689","11176103_691182180993772_218851533_n.jpg",,
"690","11195705_875541145818466_1754225196_n.jpg",,
"691","11208208_918658258166300_1044655281_n.jpg",,
"692","11235938_1138107009549344_1510127000_n.jpg",,
"693","11235979_368717889986191_1969179452_n.jpg",,
"694","11240455_980047722019151_756769479_n.jpg",,
"695","11244510_1601625753446003_709964516_n.jpg",,
"696","11282836_484561011701015_1977365445_n.jpg",,
"697","11325985_991499334196536_370836873_n.jpg",,
"698","11821237_700778603398973_100576612_n.jpg",,
"699","11875285_397740030435023_1559892340_n.jpg",,
"700","11909985_1649325475323724_1530105460_n.jpg",,
"701","oz.jpg",,
"702","11348224_924282837642720_308533196_n.jpg",,
"703","11363781_849914821730357_603196108_n.jpg",,
"704","11372427_1124890807538875_465664284_a.jpg",,
"705","11422002_1005583846152909_233035175_n.jpg",,
"706","11809943_1611530755776896_2059842933_n.jpg",,
"707","11820597_476252945880125_1408084659_n.jpg",,
"708","11821784_1609098279357548_1158222442_n.jpg",,
"709","11849058_868480346563710_1343090145_n.jpg",,
"710","11849459_889901187723772_1016855085_n.jpg",,
"711","11856747_1472732913053353_1610438194_n.jpg",,
"712","11856820_123238148021013_1781527931_n.jpg",,
"713","11881810_175304239471449_1228369767_n.jpg",,
"714","11887007_625698164238325_1520621520_n.jpg",,
"715","11887297_1610576985860831_1165099576_n.jpg",,
"716","11899511_1631145170458091_1129751637_n.jpg",,
"717","smoke-station.jpg",,
"718","smoke-station-1.jpg",,
"719","smoke-station-2.jpg",,
"720","smoke-station-3.jpg",,
"721","smoke-station-4.jpg",,
"722","smoke-station-5.jpg",,
"723","smoke-station1.jpg",,
"724","komilfo.jpg",,
"725","komilfo-1.jpg",,
"726","komilfo-2.jpg",,
"727","komilfo-3.jpg",,
"728","komilfo-4.jpg",,
"729","komilfo-5.jpg",,
"730","komilfo-6.jpg",,
"731","aurelia.jpg",,
"732","aurelia-1.jpg",,
"733","aurelia-2.jpg",,
"734","aurelia-3.jpg",,
"735","aurelia-4.jpg",,
"736","aurelia-5.jpg",,
"737","aurelia-6.jpg",,
"738","aurelia-7.jpg",,
"739","aurelia-8.jpg",,
"740","liberty.jpg",,
"741","liberty-1.jpg",,
"742","liberty-2.jpg",,
"743","liberty-3.jpg",,
"744","liberty-4.jpg",,
"745","liberty-5.jpg",,
"746","liberty-6.jpg",,
"747","liberty-7.jpg",,
"748","liberty-8.jpg",,
"749","haze.jpg",,
"750","haze-1.jpg",,
"751","haze-2.jpg",,
"752","haze-3.jpg",,
"753","haze-4.jpg",,
"754","haze-5.jpg",,
"755","haze-6.jpg",,
"756","haze-7.jpg",,
"757","haze-8.jpg",,
"758","haze-9.jpg",,
"759","haze-10.jpg",,
"760","black-shark.jpg",,
"761","black-shark-1.jpg",,
"762","black-shark-2.jpg",,
"763","black-shark-3.jpg",,
"764","black-shark-4.jpg",,
"765","black-shark-5.jpg",,
"766","black-shark-6.jpg",,
"767","greenwich-pub.jpg",,
"768","greenwich-pub-1.jpg",,
"769","greenwich-pub-2.jpg",,
"770","greenwich-pub-3.jpg",,
"771","greenwich-pub-4.jpg",,
"772","greenwich-pub-5.jpg",,
"773","greenwich-pub-6.jpg",,
"774","greenwich-pub-7.jpg",,
"775","greenwich-pub-8.jpg",,
"776","greenwich-pub-9.jpg",,
"777","hottabych.jpg",,
"778","hottabych-1.jpg",,
"779","hottabych-2.jpg",,
"780","hottabych-3.jpg",,
"781","hottabych-4.jpg",,
"782","hottabych-5.jpg",,
"783","hottabych-6.jpg",,
"784","hottabych-7.jpg",,
"785","hottabych-8.jpg",,
"786","rahat.jpg",,
"787","924671_1710047562560544_2127046381_n.jpg",,
"788","1389034_715961518536218_294331313_n.jpg",,
"789","10471830_159633827725038_114568594_n.jpg",,
"790","11337182_527105770798182_1835973953_n.jpg",,
"791","12063191_712760232157479_1634156962_n.jpg",,
"792","12070946_888359164566980_1375382346_n.jpg",,
"793","12081301_782321328560065_1549013156_n.jpg",,
"794","12106040_424741111062591_550101343_n.jpg",,
"795","12132891_403129289885976_948078571_n.jpg",,
"796","12135248_856057844489586_1856638180_n.jpg",,
"797","marrakech-time.jpg",,
"798","marrakech-time-1.jpg",,
"799","marrakech-time-2.jpg",,
"800","marrakech-time-3.jpg",,
"801","marrakech-time-4.jpg",,
"802","marrakech-time-5.jpg",,
"803","marrakech-time-6.jpg",,
"804","marrakech-time-7.jpg",,
"805","marrakech-time-8.jpg",,
"806","marrakech-time-9.jpg",,
"807","hookah-smoke.jpg",,
"808","hookah-smoke-1.jpg",,
"809","hookah-smoke-2.jpg",,
"810","hookah-smoke-3.jpg",,
"811","hookah-smoke-4.jpg",,
"812","hookah-smoke-5.jpg",,
"813","hookah-smoke-6.jpg",,
"814","hookah-smoke-7.jpg",,
"815","hookah-smoke-8.jpg",,
"816","hookah-smoke-9.jpg",,
"817","hookah-smoke-10.jpg",,
"818","pallet.jpg",,
"819","pallet-1.jpg",,
"820","pallet-2.jpg",,
"821","pallet-3.jpg",,
"822","pallet-4.jpg",,
"823","pallet-5.jpg",,
"824","pallet-6.jpg",,
"825","pallet-7.jpg",,
"826","pallet-8.jpg",,
"827","pallet-9.jpg",,
"828","pallet-10.jpg",,
"829","undeground.jpg",,
"830","underground-1.jpg",,
"831","underground-2.jpg",,
"832","underground-3.jpg",,
"833","underground-4.jpg",,
"834","underground-5.jpg",,
"835","underground-6.jpg",,
"836","underground-7.jpg",,
"837","chih-pyh.jpg",,
"838","chih-pyh-1.jpg",,
"839","chih-pyh-2.jpg",,
"840","chih-pyh-3.jpg",,
"841","chih-pyh-4.jpg",,
"842","chih-pyh-5.jpg",,
"843","chih-pyh-6.jpg",,
"844","chih-pyh-7.jpg",,
"845","chih-pyh-8.jpg",,
"846","chih-pyh-9.jpg",,
"847","chih-pyh-10.jpg",,
"848","loft.jpg",,
"849","loft-1.jpg",,
"850","loft-2.jpg",,
"851","loft-3.jpg",,
"852","loft-4.jpg",,
"853","loft-5.jpg",,
"854","loft-6.jpg",,
"855","loft-7.jpg",,
"856","loft-8.jpg",,
"857","loft-9.jpg",,
"858","mint-ufa.jpg",,
"859","mint-ufa-1.jpg",,
"860","mint-ufa-2.jpg",,
"861","mint-ufa-3.jpg",,
"862","mint-ufa-4.jpg",,
"863","mint-ufa-5.jpg",,
"864","mint-ufa-6.jpg",,
"865","mint-ufa-7.jpg",,
"866","mint-ufa-8.jpg",,
"869","ehtazhi.jpg",,
"870","ehtazhi-1.jpg",,
"871","ehtazhi-2.jpg",,
"872","ehtazhi-3.jpg",,
"873","ehtazhi-4.jpg",,
"874","ehtazhi-5.jpg",,
"875","ehtazhi-6.jpg",,
"876","ehtazhi-7.jpg",,
"877","ehtazhi-8.jpg",,
"878","ehtazhi-9.jpg",,
"879","ehtazhi-10.jpg",,
"880","art-shiha.jpg",,
"881","art-shiha-1.jpg",,
"882","art-shiha-2.jpg",,
"883","art-shiha-3.jpg",,
"884","art-shiha-4.jpg",,
"885","art-shiha-5.jpg",,
"886","art-shiha-6.jpg",,
"887","art-shiha-7.jpg",,
"888","art-shiha-8.jpg",,
"889","art-shiha-9.jpg",,
"890","art-shiha-10.jpg",,
"891","divan-lounge.jpg",,
"892","11356750_865065346895133_1026511386_n.jpg",,
"893","11821692_1480242455603901_93564599_n.jpg",,
"894","11848917_420327108167650_534527284_n.jpg",,
"895","11875352_1386264201672888_357712430_n.jpg",,
"896","11881908_581806968627090_1123357378_n.jpg",,
"897","11930786_898551196906063_745885966_n.jpg",,
"898","11939269_525052600984245_375726099_n.jpg",,
"899","11939434_721319594641185_1797076791_n.jpg",,
"900","12063056_1639641186312147_1803263776_n.jpg",,
"901","12071179_1094883173862653_1480855401_n.jpg",,
"902","12080644_189610504706715_698998907_n.jpg",,
"903","12105098_441571412702222_1646579697_n.jpg",,
"904","12141936_918195704895883_353598823_n.jpg",,
"905","zona-69.jpg",,
"906","zona-69-1.jpg",,
"907","zona-69-2.jpg",,
"908","zona-69-3.jpg",,
"909","zona-69-4.jpg",,
"910","zona-69-5.jpg",,
"911","zona-69-6.jpg",,
"912","zona-69-7.jpg",,
"913","zona-69-8.jpg",,
"914","zona-69-9.jpg",,
"915","zona-69-10.jpg",,
"916","zona-69-11.jpg",,
"917","zona-69-12.jpg",,
"918","timeout.jpg",,
"919","timeout-1.jpg",,
"920","timeout-2.jpg",,
"921","timeout-3.jpg",,
"922","timeout-4.jpg",,
"923","timeout-5.jpg",,
"924","timeout-6.jpg",,
"925","timeout-7.jpg",,
"926","timeout-8.jpg",,
"927","bedouin-house.jpg",,
"928","10413260_822916331163989_881546527_n.jpg",,
"929","10467814_1653583621571239_823304209_n.jpg",,
"930","11324229_1733790426854391_1871460756_n.jpg",,
"931","12276730_443269829214328_1249801769_n.jpg",,
"932","12276849_779552528840733_1123923194_n.jpg",,
"933","12301336_729566923840089_347694622_n.jpg",,
"934","12317528_1524015701257935_476121483_n.jpg",,
"935","12327941_531504713671747_1941417542_n.jpg",,
"936","12331416_933966296640500_1519380759_n.jpg",,
"937","12331682_544276912415889_715798395_n.jpg",,
"938","12338646_791120591034224_1878037647_n.jpg",,
"939","12338954_530143187155181_394309688_n.jpg",,
"940","12345914_890125907749565_957519831_n.jpg",,
"941","12345918_1700144130220484_915452137_n.jpg",,
"942","12345941_1511490849147010_326674538_n.jpg",,
"943","example-lounge-logo.jpg",,
"944","example-lounge-1.jpg",,
"945","example-lounge-2.jpg",,
"946","example-lounge-3.jpg",,
"947","example-lounge-4.jpg",,
"948","example-lounge-5.jpg",,
"949","example-lounge-6.jpg",,
"950","example-lounge-7.jpg",,
"951","example-lounge-8.jpg",,
"952","example-lounge-9.jpg",,
"953","example-lounge-10.jpg",,
"954","example-lounge-11.jpg",,
"955","example-lounge-12.jpg",,
"956","example-lounge-13.jpg",,
"957","example-lounge-14.jpg",,
"958","example-lounge-15.jpg",,
"959","example-lounge-16.jpg",,
"960","relaxinema-logo.jpg",,
"961","relaxinema-1.jpg",,
"962","relaxinema-2.jpg",,
"963","relaxinema-3.jpg",,
"964","relaxinema-4.jpg",,
"965","relaxinema-5.jpg",,
"966","relaxinema-6.jpg",,
"967","enjoy-logo.png",,
"968","enjoy-1.jpg",,
"969","enjoy-2.jpg",,
"970","enjoy-3.jpg",,
"971","enjoy-4.jpg",,
"972","enjoy-5.jpg",,
"973","enjoy-6.jpg",,
"974","enjoy-7.jpg",,
"975","enjoy-8.jpg",,
"976","inkognito-logo.jpg",,
"977","inkognito-1.jpg",,
"978","inkognito-2.jpg",,
"979","inkognito-3.jpg",,
"980","inkognito-4.jpg",,
"981","inkognito-5.jpg",,
"982","inkognito-6.jpg",,
"983","inkognito-7.jpg",,
"984","inkognito-8.jpg",,
"985","inkognito-9.jpg",,
"986","fantasy-of-smoke-logo.jpg",,
"987","fantasy-of-smoke-1.jpg",,
"988","fantasy-of-smoke-2.jpg",,
"989","fantasy-of-smoke-3.jpg",,
"990","fantasy-of-smoke-4.jpg",,
"991","fantasy-of-smoke-5.jpg",,
"992","fantasy-of-smoke-6.jpg",,
"993","fantasy-of-smoke-7.jpg",,
"994","fantasy-of-smoke-8.jpg",,
"995","fantasy-of-smoke-9.jpg",,
"996","fantasy-of-smoke-10.jpg",,
"997","hookah-loundge-logo.jpg",,
"998","hookah-loundge-1.jpg",,
"999","hookah-loundge-2.jpg",,
"1000","hookah-loundge-3.jpg",,
"1001","hookah-loundge-4.jpg",,
"1002","hookah-loundge-5.jpg",,
"1003","hookah-loundge-7.jpg",,
"1004","hookah-loundge-8.jpg",,
"1005","milk-longe.jpg",,
"1006","milk-longe-1.jpg",,
"1007","milk-longe-2.jpg",,
"1008","milk-longe-3.jpg",,
"1009","milk-longe-4.jpg",,
"1010","milk-longe-5.jpg",,
"1011","milk-longe-6.jpg",,
"1012","u-ehdgara-po-logo.jpg",,
"1013","u-ehdgara-po-1.jpg",,
"1014","u-ehdgara-po-2.jpg",,
"1015","u-ehdgara-po-3.jpg",,
"1016","u-ehdgara-po-4.jpg",,
"1017","u-ehdgara-po-5.jpg",,
"1018","u-ehdgara-po-6.jpg",,
"1019","u-ehdgara-po-7.jpg",,
"1020","noname-kzn-logo.jpg",,
"1021","noname-kzn-1.jpg",,
"1022","noname-kzn-2.jpg",,
"1023","noname-kzn-3.jpg",,
"1024","noname-kzn-4.jpg",,
"1025","noname-kzn-5.jpg",,
"1026","noname-kzn-6.jpg",,
"1027","noname-kzn-7.jpg",,
"1028","noname-kzn-8.jpg",,
"1029","feel-free-logo.jpg",,
"1030","feel-free-1.jpg",,
"1031","feel-free-2.jpg",,
"1032","feel-free-3.jpg",,
"1033","feel-free-4.jpg",,
"1034","feel-free-5.jpg",,
"1035","feel-free-6.jpg",,
"1036","feel-free-7.jpg",,
"1037","feel-free-8.jpg",,
"1038","roof-logo.jpg",,
"1039","roof-1.jpg",,
"1040","roof-2.jpg",,
"1041","roof-3.jpg",,
"1042","roof-4.jpg",,
"1043","roof-5.jpg",,
"1044","roof-6.jpg",,
"1045","roof-7.jpg",,
"1046","roof-8.jpg",,
"1047","hubble-bubble-logo.jpg",,
"1048","hubble-bubble-1.jpg",,
"1049","hubble-bubble-2.jpg",,
"1050","hubble-bubble-3.jpg",,
"1051","hubble-bubble-4.jpg",,
"1052","hubble-bubble-5.jpg",,
"1053","hubble-bubble-6.jpg",,
"1054","hubble-bubble-7.jpg",,
"1055","green-house-logo.jpg",,
"1056","green-house-1.jpg",,
"1057","green-house-2.jpg",,
"1058","green-house-3.jpg",,
"1059","green-house-4.jpg",,
"1060","green-house-5.jpg",,
"1061","green-house-6.jpg",,
"1062","green-house-7.jpg",,
"1063","green-house-8.jpg",,
"1064","green-house-9.jpg",,
"1065","green-house-10.jpg",,
"1066","2man-logo.jpg",,
"1067","2man-1.jpg",,
"1068","2man-2.jpg",,
"1069","2man-3.jpg",,
"1070","2man-4.jpg",,
"1071","2man-5.jpg",,
"1072","2man-6.jpg",,
"1073","2man-7.jpg",,
"1074","2man-8.jpg",,
"1075","smoke-house-logo.jpg",,
"1076","smoke-house-1.jpg",,
"1077","smoke-house-2.jpg",,
"1078","smoke-house-3.jpg",,
"1079","smoke-house-4.jpg",,
"1080","smoke-house-5.jpg",,
"1081","smoke-house-6.jpg",,
"1082","smoke-house-7.jpg",,
"1083","smoke-house-8.jpg",,
"1084","smoke-house-9.jpg",,
"1085","smoke-house-10.jpg",,
"1086","smoke-house-11.jpg",,
"1087","vdoh-vydoh-logo.jpg",,
"1088","vdoh-vydoh-1.jpg",,
"1089","vdoh-vydoh-2.jpg",,
"1090","vdoh-vydoh-3.jpg",,
"1091","vdoh-vydoh-4.jpg",,
"1092","vdoh-vydoh-5.jpg",,
"1093","vdoh-vydoh-6.jpg",,
"1094","vdoh-vydoh-7.jpg",,
"1095","vdoh-vydoh-8.jpg",,
"1096","vdoh-vydoh-9.jpg",,
"1097","vdoh-vydoh-10.jpg",,
"1098","kalyannaya-magicbar-ufa-logo.jpg",,
"1099","kalyannaya-magicbar-ufa-1.jpg",,
"1100","kalyannaya-magicbar-ufa-2.jpg",,
"1101","kalyannaya-magicbar-ufa-3.jpg",,
"1102","kalyannaya-magicbar-ufa-4.jpg",,
"1103","kalyannaya-magicbar-ufa-5.jpg",,
"1104","kalyannaya-magicbar-ufa-6.jpg",,
"1105","kalyannaya-magicbar-ufa-7.jpg",,
"1106","kalyannaya-magicbar-ufa-8.jpg",,
"1107","kalyannaya-magicbar-ufa-9.jpg",,
